{"cameraMode":{"drawMode":0,"name":"Shaded","section":"Shading Mode"},"sceneLighting":true,"audioPlay":false,"sceneViewState":{"m_AlwaysRefresh":false,"showFog":true,"showSkybox":true,"showFlares":true,"showImageEffects":true,"showParticleSystems":true,"showVisualEffectGraphs":true,"m_FxEnabled":true},"in2DMode":false,"pivot":{"x":-1.5099376440048218,"y":-1.0938879251480103,"z":0.8087491989135742},"rotation":{"x":-0.1207943856716156,"y":0.8626213073730469,"z":-0.24460749328136445,"w":-0.42598792910575869},"size":4.624751567840576,"orthographic":false}