{"cameraMode":{"drawMode":0,"name":"Shaded","section":"Shading Mode"},"sceneLighting":true,"audioPlay":false,"sceneViewState":{"m_AlwaysRefresh":false,"showFog":true,"showSkybox":true,"showFlares":true,"showImageEffects":true,"showParticleSystems":true,"showVisualEffectGraphs":true,"m_FxEnabled":true},"in2DMode":false,"pivot":{"x":0.35051730275154116,"y":0.5545244216918945,"z":-0.216617614030838},"rotation":{"x":-0.15791647136211396,"y":0.8419593572616577,"z":-0.35677865147590639,"w":-0.3726674020290375},"size":0.44117069244384768,"orthographic":false}